run_name,cfg,total_money_made,total_distance_driven,average profit,customers_served,customers_cancelled,highest_earning_taxi_id,highest_earning_taxi_per_hour,lowest_earning_taxi_id,lowest_earning_taxi_per_hour
,{'rider_choice_rule': 'closest'},8795.385927277723,5605.755738454314,54.99362394523112,366,348,1,30.89302468509569,37,6.306160595233375
,{'rider_choice_rule': 'shortest'},9030.674599590022,6569.0806942845475,37.296877353113175,399,319,12,45.7332125114524,42,5.692149243819922
,{'rider_choice_rule': 'longest'},10990.652088861334,6772.2209455498505,57.005826260965996,429,216,4,23.146756337221046,39,4.9318284602317055
