run_name,cfg,total_money_made,total_distance_driven,average profit,customers_served,customers_cancelled,highest_earning_taxi_id,highest_earning_taxi_per_hour,lowest_earning_taxi_id,lowest_earning_taxi_per_hour
,{'rider_choice_rule': 'closest'},10594.393417718255,4614.696708859127,69.5313570797573,441,279,1,26.257863925284806,42,5.215437506867559
,{'rider_choice_rule': 'shortest'},11552.796608274897,5081.898304137449,81.91010511566391,448,300,1,28.380463303736686,39,5.979096658385437
,{'rider_choice_rule': 'longest'},10655.176446894231,4648.0882234471155,81.17686788442047,443,292,2,24.81110985239647,55,5.236864033217831
