run_name,cfg,Total money_made,Total distance driven,Average profit,Customers served,Customers cancelled,Waiting time,Highest earning taxi id,Highest earning taxi per hour,Lowest earning taxi id,Lowest earning taxi per hour
,"cr=closest, ms=None, bl=None",13522.613977090647,6830.963015172025,67.59243395877402,732,20,353.8886783313181,1,34.72869634160653,65,2.853158627787951
,"cr=closest, ms=rerouting, bl=None",13345.415644653252,6193.800321480669,64.42896687542871,720,14,290.61260256486594,1,34.06941393744695,79,3.8896887801141737
,"cr=closest, ms=batching, bl=0.01",13269.731440320918,5529.365720160461,81.47753389642587,719,20,0,1,33.50591633196981,67,4.157093301818236
,"cr=closest, ms=batching, bl=0.05",14267.203665557234,5968.101832778613,83.82931144220824,763,24,0,5,32.3278394849582,65,2.14065167976877
,"cr=closest, ms=batching, bl=0.1",13348.436650975127,5585.218325487563,93.53275090948867,715,49,0,1,32.7582198526833,57,3.9054061688571626
,"cr=closest, ms=batching, bl=0.2",11702.837536910514,4883.918768455257,89.7226153744113,637,66,0,1,28.024423504384718,47,6.268768148504823
,"cr=shortest, ms=None, bl=None",13240.930298555462,8557.604512985903,48.78464359968293,717,43,571.6112077311074,5,22.69385252928213,64,4.931325946458754
,"cr=longest, ms=None, bl=None",12516.309249054184,9903.833955300028,29.353654986001786,598,148,943.2717378934619,1,22.808010390790923,65,5.555051457609082
