run_name,cfg,Total money_made,Total distance driven,Average profit,Customers served,Customers cancelled,Waiting time,Average free time,Highest earning taxi id,Highest earning taxi per hour,Lowest earning taxi id,Lowest earning taxi per hour
,"cr=closest, ms=None, bl=None",13589.629526240838,7347.665133130875,126.25100520431938,736,0,458.1651757568744,1.1587709992369366,93,38.658541689885666,96,0.0
,"cr=closest, ms=allow_rellocation, bl=None",39974.763279681145,156150.05868786923,99.37217661485575,807,0,0,2.868101262564905,19,217.310343008813,86,0.0
,"cr=closest, ms=batching, bl=0.01",14605.33565800583,6093.667829002913,165.26669249636106,793,0,1542.8424207306205,2.206129408131116,79,42.91653701136392,80,0.0
,"cr=closest, ms=batching, bl=0.05",13963.133535264098,5835.566767632049,143.775507659974,750,0,659.6726677519562,2.73805471925753,82,45.958443149806634,89,0.0
,"cr=closest, ms=batching, bl=0.1",13467.792123867524,5596.896061933761,145.27544601742088,745,0,1167.6336260692594,2.5207258147899125,2,37.36162437933463,85,12.328836361847548
,"cr=closest, ms=batching, bl=0.2",13233.807409401481,5517.40370470074,139.4290421662222,719,0,652.7552630844148,2.6967284176258803,86,66.62525611832284,87,0.0
