run_name,cfg,Total money_made,Total distance driven,Average profit,Customers served,Customers cancelled,Waiting time,Average free time,Highest earning taxi id,Highest earning taxi per hour,Lowest earning taxi id,Lowest earning taxi per hour
,"cr=closest, ms=None, bl=None",12618.257441513942,7563.736457879989,152.13027602654714,693,25,467.8757013737321,0.2811145479224719,2,38.73424641566384,73,12.965224965906588
,"cr=closest, ms=allow_rellocation, bl=None",25932.212563589623,103223.90478874218,56.85410328861484,706,8,262.67479383081036,2.96669624355413,6,93.8181519982384,93,0.0
,"cr=closest, ms=batching, bl=0.01",13270.612352881375,5567.306176440687,141.36222229759585,696,53,611.8548596056135,2.6084185749896807,83,52.558949845585715,85,0.0
,"cr=closest, ms=batching, bl=0.05",13341.617382580273,5583.308691290136,124.74444535022691,713,42,407.6100641431482,3.1366325249976885,95,45.99378248020146,96,0.0
,"cr=closest, ms=batching, bl=0.1",13312.41623914712,5568.708119573559,141.84505366549317,710,46,596.4877730736001,2.858106174862085,10,35.11744006035755,82,0.0
,"cr=closest, ms=batching, bl=0.2",12062.012708857828,5015.506354428915,127.11392457439135,671,92,813.8369964391551,2.848546871571707,84,40.39759971280912,83,0.0
,"cr=shortest, ms=None, bl=None",11500.21175847895,8582.658977691744,109.92898834764719,672,76,622.0005397035826,0.29355044051164825,85,41.83992058953175,89,0.0
,"cr=longest, ms=None, bl=None",13337.685530795245,7895.743763613757,114.16055124342232,700,51,577.7163600564425,0.9505484038246079,102,48.9359871162981,81,9.549713384173408
,"cr=closest, ms=None, bl=None",13706.928460913608,6672.28925454327,116.72142084910335,742,19,282.8672068626283,1.5935140931535516,104,40.479981117844105,106,0.0
