run_name,cfg,total_money_made,total_distance_driven,average profit,customers_served,customers_cancelled,highest_earning_taxi_id,highest_earning_taxi_per_hour,lowest_earning_taxi_id,lowest_earning_taxi_per_hour
,{'rider_choice_rule': 'closest'},13940.15777109172,7109.404665117959,82.298230192455,565,140,3,68.88436259888098,65,4.568361813734879
,{'rider_choice_rule': 'shortest'},10613.432403508925,6812.821410513947,50.67481323993303,459,248,15,32.43900214651593,57,3.6829233062018334
,{'rider_choice_rule': 'longest'},11722.209500459843,6889.173924708323,57.53613780656573,440,270,1,29.841356253651398,41,4.752771295586503
